Constituency,Const. No.,Leading Candidate,Leading Party,Trailing Candidate,Trailing Party,Margin,Status
AJMER,13,BHAGIRATH CHOUDHARY,Bharatiya Janata Party,RAMCHANDRA CHOUDHARY,Indian National Congress,329991,Result Declared
ALWAR,8,BHUPENDER YADAV,Bharatiya Janata Party,LALIT YADAV,Indian National Congress,48282,Result Declared
AMBALA,1,VARUN CHAUDHRY,Indian National Congress,BANTO KATARIA,Bharatiya Janata Party,49036,Result Declared
ANANTNAG-RAJOURI,3,MIAN ALTAF AHMAD,Jammu & Kashmir National Conference,MEHBOOBA MUFTI,Jammu & Kashmir Peoples Democratic Party,281794,Result Declared
ARAKKONAM,7,S JAGATHRATCHAKAN,Dravida Munnetra Kazhagam,L VIJAYAN,All India Anna Dravida Munnetra Kazhagam,306559,Result Declared
ARANI,12,THARANIVENTHAN M S,Dravida Munnetra Kazhagam,"GAJENDRAN, G.V.",All India Anna Dravida Munnetra Kazhagam,208766,Result Declared
Adilabad,1,GODAM NAGESH,Bharatiya Janata Party,ATHRAM SUGUNA,Indian National Congress,90652,Result Declared
Agra,18,PROF S P SINGH BAGHEL,Bharatiya Janata Party,SURESH CHAND KARDAM,Samajwadi Party,271294,Result Declared
Ahmedabad East,7,HASMUKHBHAI PATEL (H.S.PATEL),Bharatiya Janata Party,HIMMATSINH PRAHLADSINH PATEL,Indian National Congress,461755,Result Declared
Ahmedabad West,8,DINESHBHAI MAKWANA (ADVOCATE),Bharatiya Janata Party,BHARAT YOGENDRA MAKWANA,Indian National Congress,286437,Result Declared
Ahmednagar,37,NILESH DNYANDEV LANKE,Nationalist Congress Party – Sharadchandra Pawar,DR. SUJAY RADHAKRISHNA VIKHEPATIL,Bharatiya Janata Party,28929,Result Declared
Akbarpur,44,DEVENDRA SINGH ALIAS BHOLE SINGH,Bharatiya Janata Party,RAJARAM PAL,Samajwadi Party,44345,Result Declared
Akola,6,ANUP SANJAY DHOTRE,Bharatiya Janata Party,ABHAY KASHINATH PATIL,Indian National Congress,40626,Result Declared
Alappuzha,15,K. C VENUGOPAL,Indian National Congress,A. M ARIFF,Communist Party of India (Marxist),63513,Result Declared
Alathur,9,K.RADHAKRISHNAN,Communist Party of India (Marxist),RAMYA HARIDAS,Indian National Congress,20111,Result Declared
Aligarh,15,SATISH KUMAR GAUTAM,Bharatiya Janata Party,BIJENDRA SINGH,Samajwadi Party,15647,Result Declared
Alipurduars,2,MANOJ TIGGA,Bharatiya Janata Party,PRAKASH CHIK BARAIK,All India Trinamool Congress,75447,Result Declared
Allahabad,52,UJJWAL RAMAN SINGH,Indian National Congress,NEERAJ TRIPATHI,Bharatiya Janata Party,58795,Result Declared
Almora,3,AJAY TAMTA,Bharatiya Janata Party,PRADEEP TAMTA,Indian National Congress,234097,Result Declared
Amalapuram (SC),7,G M HARISH (BALAYOGI),Telugu Desam,RAPAKA VARAPRASADA RAO,Yuvajana Sramika Rythu Congress Party,342196,Result Declared
Ambedkar Nagar,55,LALJI VERMA,Samajwadi Party,RITESH PANDEY,Bharatiya Janata Party,137247,Result Declared
Amethi,37,KISHORI LAL,Indian National Congress,SMRITI IRANI,Bharatiya Janata Party,167196,Result Declared
Amravati,7,BALWANT BASWANT WANKHADE,Indian National Congress,NAVNEET RAVI RANA,Bharatiya Janata Party,19731,Result Declared
Amreli,14,BHARATBHAI MANUBHAI SUTARIYA,Bharatiya Janata Party,JENNY THUMMAR,Indian National Congress,321068,Result Declared
Amritsar,2,GURJEET SINGH AUJLA,Indian National Congress,KULDEEP SINGH DHALIWAL,Aam Aadmi Party,40301,Result Declared
Amroha,9,KANWAR SINGH TANWAR,Bharatiya Janata Party,KUNWAR DANISH ALI,Indian National Congress,28670,Result Declared
Anakapalle,5,C.M.RAMESH,Bharatiya Janata Party,BUDI MUTYALA NAIDU,Yuvajana Sramika Rythu Congress Party,296530,Result Declared
Anand,16,MITESH PATEL (BAKABHAI),Bharatiya Janata Party,AMIT CHAVDA,Indian National Congress,89939,Result Declared
Anandpur Sahib,6,MALVINDER SINGH KANG,Aam Aadmi Party,VIJAY INDER SINGLA,Indian National Congress,10846,Result Declared
Ananthapur,19,AMBICA G LAKSHMINARAYANA VALMIKI,Telugu Desam,MALAGUNDLA SANKAR NARAYANA,Yuvajana Sramika Rythu Congress Party,188555,Result Declared
Andaman & Nicobar Islands,1,BISHNU PADA RAY,Bharatiya Janata Party,KULDEEP RAI SHARMA,Indian National Congress,24396,Result Declared
Aonla,24,NEERAJ MAURYA,Samajwadi Party,DHARMENDRA KASHYAP,Bharatiya Janata Party,15969,Result Declared
Araku (ST),1,GUMMA THANUJA RANI,Yuvajana Sramika Rythu Congress Party,KOTHAPALLI GEETHA,Bharatiya Janata Party,50580,Result Declared
Arambagh,29,BAG MITALI,All India Trinamool Congress,ARUP KANTI DIGAR,Bharatiya Janata Party,6399,Result Declared
Araria,9,PRADEEP KUMAR SINGH,Bharatiya Janata Party,SHAHNAWAZ,Rashtriya Janata Dal,20094,Result Declared
Arrah,32,SUDAMA PRASAD,Communist Party of India (Marxist-Leninist) (Liberation),R. K. SINGH,Bharatiya Janata Party,59808,Result Declared
Arunachal East,2,TAPIR GAO,Bharatiya Janata Party,BOSIRAM SIRAM,Indian National Congress,30421,Result Declared
Arunachal West,1,KIREN RIJIJU,Bharatiya Janata Party,NABAM TUKI,Indian National Congress,100738,Result Declared
Asansol,40,SHATRUGHAN PRASAD SINHA,All India Trinamool Congress,SURENDRAJEET SINGH AHLUWALIA,Bharatiya Janata Party,59564,Result Declared
Aska,19,ANITA SUBHADARSHINI,Bharatiya Janata Party,RANJITA SAHU,Biju Janata Dal,99974,Result Declared
Attingal,19,ADV ADOOR PRAKASH,Indian National Congress,V JOY,Communist Party of India (Marxist),684,Result Declared
Aurangabad,19,BHUMARE SANDIPANRAO ASARAM,Shiv Sena,IMTIAZ JALEEL SYED,All India Majlis-E-Ittehadul Muslimeen,134650,Result Declared
Aurangabad,37,ABHAY KUMAR SINHA,Rashtriya Janata Dal,SUSHIL KUMAR SINGH,Bharatiya Janata Party,79111,Result Declared
Azamgarh,69,DHARMENDRA YADAV,Samajwadi Party,DINESH LAL YADAV “NIRAHUA”,Bharatiya Janata Party,161035,Result Declared
BALAGHAT,15,BHARTI PARDHI,Bharatiya Janata Party,SAMRAT ASHOK SINGH SARASWAR,Indian National Congress,174512,Result Declared
BANSWARA,20,RAJ KUMAR ROAT,Bharat Adivasi Party,MAHENDRAJEETSINGH MALVIYA,Bharatiya Janata Party,247054,Result Declared
BARAMULLA,1,ABDUL RASHID SHEIKH,Independent,OMAR ABDULLAH,Jammu & Kashmir National Conference,204142,Result Declared
BARMER,17,UMMEDA RAM BENIWAL,Indian National Congress,RAVINDRA SINGH BHATI,Independent,118176,Result Declared
BASTAR,10,MAHESH KASHYAP,Bharatiya Janata Party,KAWASI LAKHMA,Indian National Congress,55245,Result Declared
BETUL,29,DURGADAS (D. D.) UIKEY,Bharatiya Janata Party,RAMU TEKAM,Indian National Congress,379761,Result Declared
BHARATPUR,9,SANJNA JATAV,Indian National Congress,RAMSWAROOP KOLI,Bharatiya Janata Party,51983,Result Declared
BHILWARA,23,DAMODAR AGARWAL,Bharatiya Janata Party,C P JOSHI,Indian National Congress,354606,Result Declared
BHIND,2,SANDHYA RAY,Bharatiya Janata Party,PHOOL SINGH BARAIYA,Indian National Congress,64840,Result Declared
BHIWANI-MAHENDRAGARH,8,DHARAMBIR SINGH,Bharatiya Janata Party,RAO DAN SINGH,Indian National Congress,41510,Result Declared
BHOPAL,19,ALOK SHARMA,Bharatiya Janata Party,ADVOCATE ARUN SHRIVASTAVA,Indian National Congress,501499,Result Declared
BIKANER,2,ARJUN RAM MEGHWAL,Bharatiya Janata Party,GOVINDRAM MEGHWAL,Indian National Congress,55711,Result Declared
BILASPUR,5,TOKHAN SAHU,Bharatiya Janata Party,DEVENDRA YADAV,Indian National Congress,164558,Result Declared
Badaun,23,ADITYA YADAV,Samajwadi Party,DURVIJAY SINGH SHAKYA,Bharatiya Janata Party,34991,Result Declared
Bagalkot,3,GADDIGOUDAR. PARVATAGOUDA. CHANDANAGOUDA.,Bharatiya Janata Party,SAMYUKTA SHIVANAND PATIL,Indian National Congress,68399,Result Declared
Baghpat,11,DR RAJKUMAR SANGWAN,Rashtriya Lok Dal,AMARPAL,Samajwadi Party,159459,Result Declared
Baharaich,56,ANAND KUMAR,Bharatiya Janata Party,RAMESH CHANDRA,Samajwadi Party,64227,Result Declared
Baharampur,10,PATHAN YUSUF,All India Trinamool Congress,ADHIR RANJAN CHOWDHURY,Indian National Congress,85022,Result Declared
Balasore,6,PRATAP CHANDRA SARANGI,Bharatiya Janata Party,LEKHASRI SAMANTSINGHAR,Biju Janata Dal,147156,Result Declared
Ballia,72,SANATAN PANDEY,Samajwadi Party,NEERAJ SHEKHAR,Bharatiya Janata Party,43384,Result Declared
Balurghat,6,SUKANTA MAJUMDAR,Bharatiya Janata Party,BIPLAB MITRA,All India Trinamool Congress,10386,Result Declared
Banaskantha,2,GENIBEN NAGAJI THAKOR,Indian National Congress,DR. REKHABEN HITESHBHAI CHAUDHARI,Bharatiya Janata Party,30406,Result Declared
Banda,48,KRISHNA DEVI SHIVSHANKER PATEL,Samajwadi Party,R. K. SINGH PATEL,Bharatiya Janata Party,71210,Result Declared
Bangalore North,24,SHOBHA KARANDLAJE,Bharatiya Janata Party,PROFESSOR M.V RAJEEV GOWDA,Indian National Congress,259476,Result Declared
Bangalore Rural,23,DR C N MANJUNATH,Bharatiya Janata Party,D K SURESH,Indian National Congress,269647,Result Declared
Bangalore South,26,TEJASVI SURYA,Bharatiya Janata Party,SOWMYA REDDY,Indian National Congress,277083,Result Declared
Bangalore central,25,P C MOHAN,Bharatiya Janata Party,MANSOOR ALI KHAN,Indian National Congress,32707,Result Declared
Bangaon,14,SHANTANU THAKUR,Bharatiya Janata Party,BISWAJIT DAS S/O LATE BIJAY KRISHNA DAS,All India Trinamool Congress,73693,Result Declared
Banka,27,GIRIDHARI YADAV,Janata Dal (United),JAI PRAKASH NARAYAN YADAV,Rashtriya Janata Dal,103844,Result Declared
Bankura,36,ARUP CHAKRABORTY,All India Trinamool Congress,DR. SUBHAS SARKAR,Bharatiya Janata Party,32778,Result Declared
Bansgaon,67,KAMLESH PASWAN,Bharatiya Janata Party,SADAL PRASAD,Indian National Congress,3150,Result Declared
Bapatla (SC),15,KRISHNA PRASAD TENNETI,Telugu Desam,NANDIGAM SURESH BABU,Yuvajana Sramika Rythu Congress Party,208031,Result Declared
Barabanki,53,TANUJ PUNIA,Indian National Congress,RAJRANI RAWAT,Bharatiya Janata Party,215704,Result Declared
Baramati,35,SUPRIYA SULE,Nationalist Congress Party – Sharadchandra Pawar,SUNETRA AJITDADA PAWAR,Nationalist Congress Party,158333,Result Declared
Barasat,17,KAKOLI GHOSH DASTIDAR,All India Trinamool Congress,SWAPAN MAJUMDER,Bharatiya Janata Party,114189,Result Declared
Bardhaman Purba,38,DR. SHARMILA SARKAR,All India Trinamool Congress,ASIM KUMAR SARKAR,Bharatiya Janata Party,160572,Result Declared
Bardhaman-Durgapur,39,AZAD KIRTI JHA,All India Trinamool Congress,DILIP GHOSH,Bharatiya Janata Party,137981,Result Declared
Bardoli,23,PARBHUBHAI NAGARBHAI VASAVA,Bharatiya Janata Party,CHAUDHARY SIDDHARTH AMARSINH,Indian National Congress,230253,Result Declared
Bareilly,25,CHHATRA PAL SINGH GANGWAR,Bharatiya Janata Party,PRAVEEN SINGH ARON,Samajwadi Party,34804,Result Declared
Bargarh,1,PRADEEP PUROHIT,Bharatiya Janata Party,PARINITA MISHRA,Biju Janata Dal,251667,Result Declared
Barpeta,3,PHANI BHUSAN CHOUDHURY,Asom Gana Parishad,DEEP BAYAN,Indian National Congress,222351,Result Declared
Barrackpur,15,PARTHA BHOWMICK,All India Trinamool Congress,ARJUN SINGH,Bharatiya Janata Party,64438,Result Declared
Basirhat,18,SK NURUL ISLAM,All India Trinamool Congress,REKHA PATRA,Bharatiya Janata Party,333547,Result Declared
Basti,61,RAM PRASAD CHAUDHARY,Samajwadi Party,HARISH CHANDRA ALIAS HARISH DWIVEDI,Bharatiya Janata Party,100994,Result Declared
Bathinda,11,HARSIMRAT KAUR BADAL,Shiromani Akali Dal,GURMEET SINGH KHUDIAN,Aam Aadmi Party,49656,Result Declared
Beed,39,BAJRANG MANOHAR SONWANE,Nationalist Congress Party – Sharadchandra Pawar,PANKAJA GOPINATHRAO MUNDE,Bharatiya Janata Party,6553,Result Declared
Begusarai,24,GIRIRAJ SINGH,Bharatiya Janata Party,ABDHESH KUMAR ROY,Communist Party of India,81480,Result Declared
Belgaum,2,JAGADISH SHETTAR,Bharatiya Janata Party,MRINAL R HEBBALKAR,Indian National Congress,178437,Result Declared
Bellary,9,E. TUKARAM,Indian National Congress,B. SREERAMULU,Bharatiya Janata Party,98992,Result Declared
Berhampur,20,DR. PRADEEP KUMAR PANIGRAHY,Bharatiya Janata Party,BHRUGU BAXIPATRA,Biju Janata Dal,165476,Result Declared
Bhadohi,78,DR. VINOD KUMAR BIND,Bharatiya Janata Party,LALITESHPATI TRIPATHI,All India Trinamool Congress,44072,Result Declared
Bhadrak,7,AVIMANYU SETHI,Bharatiya Janata Party,MANJULATA MANDAL,Biju Janata Dal,91544,Result Declared
Bhagalpur,26,AJAY KUMAR MANDAL,Janata Dal (United),AJEET SHARMA,Indian National Congress,104868,Result Declared
Bhandara Gondiya,11,DR. PRASHANT YADAORAO PADOLE,Indian National Congress,SUNIL BABURAO MENDHE,Bharatiya Janata Party,37380,Result Declared
Bharuch,22,MANSUKHBHAI DHANJIBHAI VASAVA,Bharatiya Janata Party,CHAITARBHAI DAMJIBHAI VASAVA,Aam Aadmi Party,85696,Result Declared
Bhavnagar,15,NIMUBEN JAYANTIBHAI BAMBHANIYA (NIMUBEN BAMBHANIYA),Bharatiya Janata Party,UMESHBHAI NARANBHAI MAKWANA,Aam Aadmi Party,455289,Result Declared
Bhiwandi,23,BALYA MAMA - SURESH GOPINATH MHATRE,Nationalist Congress Party – Sharadchandra Pawar,KAPIL MORESHWAR PATIL,Bharatiya Janata Party,66121,Result Declared
Bhongir,14,CHAMALA KIRAN KUMAR REDDY,Indian National Congress,DR. BOORA NARSAIAH GOUD,Bharatiya Janata Party,222170,Result Declared
Bhubaneswar,18,APARAJITA SARANGI,Bharatiya Janata Party,MANMATH KUMAR ROUTRAY,Biju Janata Dal,35152,Result Declared
Bidar,7,SAGAR ESHWAR KHANDRE,Indian National Congress,BHAGWANTH KHUBA,Bharatiya Janata Party,128875,Result Declared
Bijapur,4,RAMESH JIGAJINAGI,Bharatiya Janata Party,RAJU ALAGUR.,Indian National Congress,77229,Result Declared
Bijnor,4,CHANDAN CHAUHAN,Rashtriya Lok Dal,DEEPAK,Samajwadi Party,37508,Result Declared
Birbhum,42,SATABDI ROY,All India Trinamool Congress,DEBTANU BHATTACHARYA,Bharatiya Janata Party,197650,Result Declared
Bishnupur,37,KHAN SAUMITRA,Bharatiya Janata Party,SUJATA MONDAL,All India Trinamool Congress,5567,Result Declared
Bolangir,10,SANGEETA KUMARI SINGH DEO,Bharatiya Janata Party,SURENDRA SINGH BHOI,Biju Janata Dal,132664,Result Declared
Bolpur,41,ASIT KUMAR MAL,All India Trinamool Congress,PIYA SAHA,Bharatiya Janata Party,327253,Result Declared
Bulandshahr,14,DR BHOLA SINGH,Bharatiya Janata Party,SHIVRAM,Indian National Congress,275134,Result Declared
Buldhana,5,JADHAV PRATAPRAO GANPATRAO,Shiv Sena,NARENDRA DAGDU KHEDEKAR,Shiv Sena (Uddhav Balasaheb Thackrey),29479,Result Declared
Buxar,33,SUDHAKAR SINGH,Rashtriya Janata Dal,MITHILESH TIWARI,Bharatiya Janata Party,30091,Result Declared
CHENNAI CENTRAL,4,DAYANIDHI MARAN,Dravida Munnetra Kazhagam,VINOJ,Bharatiya Janata Party,244689,Result Declared
CHENNAI NORTH,2,DR.KALANIDHI VEERASWAMY,Dravida Munnetra Kazhagam,R. MANOHAR,All India Anna Dravida Munnetra Kazhagam,339222,Result Declared
CHENNAI SOUTH,3,T.SUMATHY (ALIAS) THAMIZHACHI THANGAPANDIAN,Dravida Munnetra Kazhagam,DR.TAMILISAI SOUNDARARAJAN,Bharatiya Janata Party,225945,Result Declared
CHHINDWARA,16,BUNTY VIVEK SAHU,Bharatiya Janata Party,NAKUL KAMALNATH,Indian National Congress,113618,Result Declared
CHIDAMBARAM,27,THIRUMAAVALAVAN THOL,Viduthalai Chiruthaigal Katch,CHANDRAHASAN M,All India Anna Dravida Munnetra Kazhagam,103554,Result Declared
CHITTORGARH,21,CHANDRA PRAKASH JOSHI,Bharatiya Janata Party,ANJANA UDAILAL,Indian National Congress,389877,Result Declared
CHURU,3,RAHUL KASWAN,Indian National Congress,DEVENDRA JHAJHARIA,Bharatiya Janata Party,72737,Result Declared
COIMBATORE,20,GANAPATHY RAJKUMAR P,Dravida Munnetra Kazhagam,ANNAMALAI K,Bharatiya Janata Party,118068,Result Declared
CUDDALORE,26,M.K. VISHNUPRASAD,Indian National Congress,P. SIVAKOZHUNDU,Desiya Murpokku Dravida Kazhagam,185896,Result Declared
Chalakudy,11,BENNY BEHANAN,Indian National Congress,PROF C RAVEENDRANATH,Communist Party of India (Marxist),63754,Result Declared
Chamarajanagar,22,SUNIL BOSE,Indian National Congress,BALARAJ.S,Bharatiya Janata Party,188706,Result Declared
Chandauli,76,BIRENDRA SINGH,Samajwadi Party,DR. MAHENDRA NATH PANDEY,Bharatiya Janata Party,21565,Result Declared
Chandigarh,1,MANISH TEWARI,Indian National Congress,SANJAY TANDON,Bharatiya Janata Party,2504,Result Declared
Chandni Chowk,1,PRAVEEN KHANDELWAL,Bharatiya Janata Party,JAI PRAKASH AGARWAL,Indian National Congress,89325,Result Declared
Chandrapur,13,DHANORKAR PRATIBHA SURESH ALIAS BALUBHAU,Indian National Congress,MUNGANTIWAR SUDHIR SACCHIDANAND,Bharatiya Janata Party,260406,Result Declared
Chatra,4,KALI CHARAN SINGH,Bharatiya Janata Party,KRISHNA NAND TRIPATHI,Indian National Congress,220959,Result Declared
Chevella,10,KONDA VISHWESHWAR REDDY,Bharatiya Janata Party,DR GADDAM RANJITH REDDY,Indian National Congress,172897,Result Declared
Chhota Udaipur,21,JASHUBHAI BHILUBHAI RATHVA,Bharatiya Janata Party,SUKHRAMBHAI HARIYABHAI RATHWA,Indian National Congress,398777,Result Declared
Chikkballapur,27,DR.K.SUDHAKAR,Bharatiya Janata Party,M.S. RAKSHA RAMAIAH,Indian National Congress,163460,Result Declared
Chikkodi,1,PRIYANKA SATISH JARKIHOLI,Indian National Congress,ANNASAHEB SHANKAR JOLLE,Bharatiya Janata Party,90834,Result Declared
Chitradurga,18,GOVIND MAKTHAPPA KARJOL,Bharatiya Janata Party,B.N.CHANDRAPPA,Indian National Congress,48121,Result Declared
Chittoor(SC),25,DAGGUMALLA PRASADA RAO,Telugu Desam,REDDEPPA.N .,Yuvajana Sramika Rythu Congress Party,220479,Result Declared
Coochbehar,1,JAGADISH CHANDRA BARMA BASUNIA,All India Trinamool Congress,NISITH PRAMANIK,Bharatiya Janata Party,39250,Result Declared
Cuttack,14,BHARTRUHARI MAHTAB,Bharatiya Janata Party,SANTRUPT MISRA,Biju Janata Dal,57077,Result Declared
DAMOH,7,RAHUL SINGH LODHI,Bharatiya Janata Party,TARBAR SINGH LODHI (BANTU BHAIYA),Indian National Congress,406426,Result Declared
DAUSA,11,MURARI LAL MEENA,Indian National Congress,KANHAIYA LAL MEENA,Bharatiya Janata Party,237340,Result Declared
DEWAS,21,MAHENDRA SINGH SOLANKY,Bharatiya Janata Party,RAJENDRA RADHAKISHAN MALVIYA,Indian National Congress,425225,Result Declared
DHAR,25,SAVITRI THAKUR,Bharatiya Janata Party,RADHESHYAM MUVEL,Indian National Congress,218665,Result Declared
DHARMAPURI,10,MANI. A.,Dravida Munnetra Kazhagam,SOWMIYA ANBUMANI,Pattali Makkal Katch,21300,Result Declared
DINDIGUL,22,SACHITHANANTHAM R,Communist Party of India (Marxist),MOHAMED MUBARAK M A,All India Anna Dravida Munnetra Kazhagam,443821,Result Declared
DURG,7,VIJAY BAGHEL,Bharatiya Janata Party,RAJENDRA SAHU,Indian National Congress,438226,Result Declared
Dadar & Nagar Haveli,2,DELKAR KALABEN MOHANBHAI,Bharatiya Janata Party,AJIT RAMJIBHAI MAHALA,Indian National Congress,57584,Result Declared
Dahod,19,JASWANTSINH SUMANBHAI BHABHOR,Bharatiya Janata Party,DR. PRABHABEN KISHORSINH TAVIYAD,Indian National Congress,333677,Result Declared
Dakshina Kannada,17,CAPTAIN BRIJESH CHOWTA,Bharatiya Janata Party,PADMARAJ.R.POOJARY,Indian National Congress,149208,Result Declared
Daman & Diu,1,PATEL UMESHBHAI BABUBHAI,Independent,LALUBHAI BABUBHAI PATEL,Bharatiya Janata Party,6225,Result Declared
Darbhanga,14,GOPAL JEE THAKUR,Bharatiya Janata Party,LALIT KUMAR YADAV,Rashtriya Janata Dal,178156,Result Declared
Darjeeling,4,RAJU BISTA,Bharatiya Janata Party,GOPAL LAMA,All India Trinamool Congress,178525,Result Declared
Darrang-Udalguri,4,DILIP SAIKIA,Bharatiya Janata Party,MADHAB RAJBANGSHI,Indian National Congress,329012,Result Declared
Davanagere,13,DR. PRABHA MALLIKARJUN,Indian National Congress,GAYITHRI SIDDESHWARA,Bharatiya Janata Party,26094,Result Declared
Deoria,66,SHASHANK MANI,Bharatiya Janata Party,AKHILESH PRATAP SINGH,Indian National Congress,34842,Result Declared
Dhanbad,7,DULU MAHATO,Bharatiya Janata Party,ANUPAMA SINGH,Indian National Congress,331583,Result Declared
Dharwad,11,PRALHAD JOSHI,Bharatiya Janata Party,VINOD ASOOTI,Indian National Congress,97324,Result Declared
Dhaurahra,29,ANAND BHADAURIYA,Samajwadi Party,REKHA VERMA,Bharatiya Janata Party,4449,Result Declared
Dhenkanal,9,RUDRA NARAYAN PANY,Bharatiya Janata Party,ABINASH SAMAL,Biju Janata Dal,76567,Result Declared
Dhubri,2,RAKIBUL HUSSAIN,Indian National Congress,MOHAMMED BADRUDDIN AJMAL,All India United Democratic Front,1012476,Result Declared
Dhule,2,BACHHAV SHOBHA DINESH,Indian National Congress,BHAMRE SUBHASH RAMRAO,Bharatiya Janata Party,3831,Result Declared
Diamond harbour,21,ABHISHEK BANERJEE,All India Trinamool Congress,ABHIJIT DAS (BOBBY),Bharatiya Janata Party,710930,Result Declared
Dibrugarh,13,SARBANANDA SONOWAL,Bharatiya Janata Party,LURINJYOTI GOGOI,Assam Jatiya Parishad,279321,Result Declared
Dindori,20,BHASKAR MURLIDHAR BHAGARE,Nationalist Congress Party – Sharadchandra Pawar,DR. BHARATI PRAVIN PAWAR,Bharatiya Janata Party,113199,Result Declared
Diphu,6,AMARSING TISSO,Bharatiya Janata Party,J. I. KATHAR,Independent,147603,Result Declared
Domariyaganj,60,JAGDAMBIKA PAL,Bharatiya Janata Party,BHISHMA SHANKAR ALIAS KUSHAL TIWARI,Samajwadi Party,42728,Result Declared
Constituency,Const. No.,Leading Candidate,Leading Party,Trailing Candidate,Trailing Party,Margin,Status
AJMER,18.58125094,BHAGIRATH CHOUDHARY,Bharatiya Janata Party,RAMCHANDRA CHOUDHARY,Indian National Congress,195160.5901,Result Declared
ALWAR,18.58267925,BHUPENDER YADAV,Bharatiya Janata Party,LALIT YADAV,Indian National Congress,195684.6615,Result Declared
AMBALA,18.58410757,VARUN CHAUDHRY,Indian National Congress,BANTO KATARIA,Bharatiya Janata Party,196208.733,Result Declared
ANANTNAG-RAJOURI,18.58553589,MIAN ALTAF AHMAD,Jammu & Kashmir National Conference,MEHBOOBA MUFTI,Jammu & Kashmir Peoples Democratic Party,196732.8044,Result Declared
ARAKKONAM,18.58696421,S JAGATHRATCHAKAN,Dravida Munnetra Kazhagam,L VIJAYAN,All India Anna Dravida Munnetra Kazhagam,197256.8759,Result Declared
ARANI,18.58839253,THARANIVENTHAN M S,Dravida Munnetra Kazhagam,"GAJENDRAN, G.V.",All India Anna Dravida Munnetra Kazhagam,197780.9473,Result Declared
Adilabad,18.58982085,GODAM NAGESH,Bharatiya Janata Party,ATHRAM SUGUNA,Indian National Congress,198305.0188,Result Declared
Agra,18.59124917,PROF S P SINGH BAGHEL,Bharatiya Janata Party,SURESH CHAND KARDAM,Samajwadi Party,198829.0903,Result Declared
Ahmedabad East,18.59267749,HASMUKHBHAI PATEL (H.S.PATEL),Bharatiya Janata Party,HIMMATSINH PRAHLADSINH PATEL,Indian National Congress,199353.1617,Result Declared
Ahmedabad West,18.5941058,DINESHBHAI MAKWANA (ADVOCATE),Bharatiya Janata Party,BHARAT YOGENDRA MAKWANA,Indian National Congress,199877.2332,Result Declared
Ahmednagar,18.59553412,NILESH DNYANDEV LANKE,Nationalist Congress Party – Sharadchandra Pawar,DR. SUJAY RADHAKRISHNA VIKHEPATIL,Bharatiya Janata Party,200401.3046,Result Declared
Akbarpur,18.59696244,DEVENDRA SINGH ALIAS BHOLE SINGH,Bharatiya Janata Party,RAJARAM PAL,Samajwadi Party,200925.3761,Result Declared
Akola,18.59839076,ANUP SANJAY DHOTRE,Bharatiya Janata Party,ABHAY KASHINATH PATIL,Indian National Congress,201449.4475,Result Declared
Alappuzha,18.59981908,K. C VENUGOPAL,Indian National Congress,A. M ARIFF,Communist Party of India (Marxist),201973.519,Result Declared
Alathur,18.6012474,K.RADHAKRISHNAN,Communist Party of India (Marxist),RAMYA HARIDAS,Indian National Congress,202497.5904,Result Declared
Aligarh,18.60267572,SATISH KUMAR GAUTAM,Bharatiya Janata Party,BIJENDRA SINGH,Samajwadi Party,203021.6619,Result Declared
Alipurduars,18.60410404,MANOJ TIGGA,Bharatiya Janata Party,PRAKASH CHIK BARAIK,All India Trinamool Congress,203545.7333,Result Declared
Allahabad,18.60553235,UJJWAL RAMAN SINGH,Indian National Congress,NEERAJ TRIPATHI,Bharatiya Janata Party,204069.8048,Result Declared
Almora,18.60696067,AJAY TAMTA,Bharatiya Janata Party,PRADEEP TAMTA,Indian National Congress,204593.8763,Result Declared
Amalapuram (SC),18.60838899,G M HARISH (BALAYOGI),Telugu Desam,RAPAKA VARAPRASADA RAO,Yuvajana Sramika Rythu Congress Party,205117.9477,Result Declared
Ambedkar Nagar,18.60981731,LALJI VERMA,Samajwadi Party,RITESH PANDEY,Bharatiya Janata Party,205642.0192,Result Declared
Amethi,18.61124563,KISHORI LAL,Indian National Congress,SMRITI IRANI,Bharatiya Janata Party,206166.0906,Result Declared
Amravati,18.61267395,BALWANT BASWANT WANKHADE,Indian National Congress,NAVNEET RAVI RANA,Bharatiya Janata Party,206690.1621,Result Declared
Amreli,18.61410227,BHARATBHAI MANUBHAI SUTARIYA,Bharatiya Janata Party,JENNY THUMMAR,Indian National Congress,207214.2335,Result Declared
Amritsar,18.61553059,GURJEET SINGH AUJLA,Indian National Congress,KULDEEP SINGH DHALIWAL,Aam Aadmi Party,207738.305,Result Declared
Amroha,18.61695891,KANWAR SINGH TANWAR,Bharatiya Janata Party,KUNWAR DANISH ALI,Indian National Congress,208262.3764,Result Declared
Anakapalle,18.61838722,C.M.RAMESH,Bharatiya Janata Party,BUDI MUTYALA NAIDU,Yuvajana Sramika Rythu Congress Party,208786.4479,Result Declared
Anand,18.61981554,MITESH PATEL (BAKABHAI),Bharatiya Janata Party,AMIT CHAVDA,Indian National Congress,209310.5193,Result Declared
Anandpur Sahib,18.62124386,MALVINDER SINGH KANG,Aam Aadmi Party,VIJAY INDER SINGLA,Indian National Congress,209834.5908,Result Declared
Ananthapur,18.62267218,AMBICA G LAKSHMINARAYANA VALMIKI,Telugu Desam,MALAGUNDLA SANKAR NARAYANA,Yuvajana Sramika Rythu Congress Party,210358.6622,Result Declared
Andaman & Nicobar Islands,18.6241005,BISHNU PADA RAY,Bharatiya Janata Party,KULDEEP RAI SHARMA,Indian National Congress,210882.7337,Result Declared
Aonla,18.62552882,NEERAJ MAURYA,Samajwadi Party,DHARMENDRA KASHYAP,Bharatiya Janata Party,211406.8052,Result Declared
Araku (ST),18.62695714,GUMMA THANUJA RANI,Yuvajana Sramika Rythu Congress Party,KOTHAPALLI GEETHA,Bharatiya Janata Party,211930.8766,Result Declared
Arambagh,18.62838546,BAG MITALI,All India Trinamool Congress,ARUP KANTI DIGAR,Bharatiya Janata Party,212454.9481,Result Declared
Araria,18.62981377,PRADEEP KUMAR SINGH,Bharatiya Janata Party,SHAHNAWAZ,Rashtriya Janata Dal,212979.0195,Result Declared
Arrah,18.63124209,SUDAMA PRASAD,Communist Party of India (Marxist-Leninist) (Liberation),R. K. SINGH,Bharatiya Janata Party,213503.091,Result Declared
Arunachal East,18.63267041,TAPIR GAO,Bharatiya Janata Party,BOSIRAM SIRAM,Indian National Congress,214027.1624,Result Declared
Arunachal West,18.63409873,KIREN RIJIJU,Bharatiya Janata Party,NABAM TUKI,Indian National Congress,214551.2339,Result Declared
Asansol,18.63552705,SHATRUGHAN PRASAD SINHA,All India Trinamool Congress,SURENDRAJEET SINGH AHLUWALIA,Bharatiya Janata Party,215075.3053,Result Declared
Aska,18.63695537,ANITA SUBHADARSHINI,Bharatiya Janata Party,RANJITA SAHU,Biju Janata Dal,215599.3768,Result Declared
Attingal,18.63838369,ADV ADOOR PRAKASH,Indian National Congress,V JOY,Communist Party of India (Marxist),216123.4482,Result Declared
Aurangabad,18.63981201,BHUMARE SANDIPANRAO ASARAM,Shiv Sena,IMTIAZ JALEEL SYED,All India Majlis-E-Ittehadul Muslimeen,216647.5197,Result Declared
Aurangabad,18.64124032,ABHAY KUMAR SINHA,Rashtriya Janata Dal,SUSHIL KUMAR SINGH,Bharatiya Janata Party,217171.5911,Result Declared
Azamgarh,18.64266864,DHARMENDRA YADAV,Samajwadi Party,DINESH LAL YADAV “NIRAHUA”,Bharatiya Janata Party,217695.6626,Result Declared
BALAGHAT,18.64409696,BHARTI PARDHI,Bharatiya Janata Party,SAMRAT ASHOK SINGH SARASWAR,Indian National Congress,218219.7341,Result Declared
BANSWARA,18.64552528,RAJ KUMAR ROAT,Bharat Adivasi Party,MAHENDRAJEETSINGH MALVIYA,Bharatiya Janata Party,218743.8055,Result Declared
BARAMULLA,18.6469536,ABDUL RASHID SHEIKH,Independent,OMAR ABDULLAH,Jammu & Kashmir National Conference,219267.877,Result Declared
BARMER,18.64838192,UMMEDA RAM BENIWAL,Indian National Congress,RAVINDRA SINGH BHATI,Independent,219791.9484,Result Declared
BASTAR,18.64981024,MAHESH KASHYAP,Bharatiya Janata Party,KAWASI LAKHMA,Indian National Congress,220316.0199,Result Declared
BETUL,18.65123856,DURGADAS (D. D.) UIKEY,Bharatiya Janata Party,RAMU TEKAM,Indian National Congress,220840.0913,Result Declared
BHARATPUR,18.65266688,SANJNA JATAV,Indian National Congress,RAMSWAROOP KOLI,Bharatiya Janata Party,221364.1628,Result Declared
BHILWARA,18.65409519,DAMODAR AGARWAL,Bharatiya Janata Party,C P JOSHI,Indian National Congress,221888.2342,Result Declared
BHIND,18.65552351,SANDHYA RAY,Bharatiya Janata Party,PHOOL SINGH BARAIYA,Indian National Congress,222412.3057,Result Declared
BHIWANI-MAHENDRAGARH,18.65695183,DHARAMBIR SINGH,Bharatiya Janata Party,RAO DAN SINGH,Indian National Congress,222936.3771,Result Declared
BHOPAL,18.65838015,ALOK SHARMA,Bharatiya Janata Party,ADVOCATE ARUN SHRIVASTAVA,Indian National Congress,223460.4486,Result Declared
BIKANER,18.65980847,ARJUN RAM MEGHWAL,Bharatiya Janata Party,GOVINDRAM MEGHWAL,Indian National Congress,223984.5201,Result Declared
BILASPUR,18.66123679,TOKHAN SAHU,Bharatiya Janata Party,DEVENDRA YADAV,Indian National Congress,224508.5915,Result Declared
Badaun,18.66266511,ADITYA YADAV,Samajwadi Party,DURVIJAY SINGH SHAKYA,Bharatiya Janata Party,225032.663,Result Declared
Bagalkot,18.66409343,GADDIGOUDAR. PARVATAGOUDA. CHANDANAGOUDA.,Bharatiya Janata Party,SAMYUKTA SHIVANAND PATIL,Indian National Congress,225556.7344,Result Declared
Baghpat,18.66552174,DR RAJKUMAR SANGWAN,Rashtriya Lok Dal,AMARPAL,Samajwadi Party,226080.8059,Result Declared
Baharaich,18.66695006,ANAND KUMAR,Bharatiya Janata Party,RAMESH CHANDRA,Samajwadi Party,226604.8773,Result Declared
Baharampur,18.66837838,PATHAN YUSUF,All India Trinamool Congress,ADHIR RANJAN CHOWDHURY,Indian National Congress,227128.9488,Result Declared
Balasore,18.6698067,PRATAP CHANDRA SARANGI,Bharatiya Janata Party,LEKHASRI SAMANTSINGHAR,Biju Janata Dal,227653.0202,Result Declared
Ballia,18.67123502,SANATAN PANDEY,Samajwadi Party,NEERAJ SHEKHAR,Bharatiya Janata Party,228177.0917,Result Declared
Balurghat,18.67266334,SUKANTA MAJUMDAR,Bharatiya Janata Party,BIPLAB MITRA,All India Trinamool Congress,228701.1631,Result Declared
Banaskantha,18.67409166,GENIBEN NAGAJI THAKOR,Indian National Congress,DR. REKHABEN HITESHBHAI CHAUDHARI,Bharatiya Janata Party,229225.2346,Result Declared
Banda,18.67551998,KRISHNA DEVI SHIVSHANKER PATEL,Samajwadi Party,R. K. SINGH PATEL,Bharatiya Janata Party,229749.306,Result Declared
Bangalore North,18.67694829,SHOBHA KARANDLAJE,Bharatiya Janata Party,PROFESSOR M.V RAJEEV GOWDA,Indian National Congress,230273.3775,Result Declared
Bangalore Rural,18.67837661,DR C N MANJUNATH,Bharatiya Janata Party,D K SURESH,Indian National Congress,230797.449,Result Declared
Bangalore South,18.67980493,TEJASVI SURYA,Bharatiya Janata Party,SOWMYA REDDY,Indian National Congress,231321.5204,Result Declared
Bangalore central,18.68123325,P C MOHAN,Bharatiya Janata Party,MANSOOR ALI KHAN,Indian National Congress,231845.5919,Result Declared
Bangaon,18.68266157,SHANTANU THAKUR,Bharatiya Janata Party,BISWAJIT DAS S/O LATE BIJAY KRISHNA DAS,All India Trinamool Congress,232369.6633,Result Declared
Banka,18.68408989,GIRIDHARI YADAV,Janata Dal (United),JAI PRAKASH NARAYAN YADAV,Rashtriya Janata Dal,232893.7348,Result Declared
Bankura,18.68551821,ARUP CHAKRABORTY,All India Trinamool Congress,DR. SUBHAS SARKAR,Bharatiya Janata Party,233417.8062,Result Declared
Bansgaon,18.68694653,KAMLESH PASWAN,Bharatiya Janata Party,SADAL PRASAD,Indian National Congress,233941.8777,Result Declared
Bapatla (SC),18.68837485,KRISHNA PRASAD TENNETI,Telugu Desam,NANDIGAM SURESH BABU,Yuvajana Sramika Rythu Congress Party,234465.9491,Result Declared
Barabanki,18.68980316,TANUJ PUNIA,Indian National Congress,RAJRANI RAWAT,Bharatiya Janata Party,234990.0206,Result Declared
Baramati,18.69123148,SUPRIYA SULE,Nationalist Congress Party – Sharadchandra Pawar,SUNETRA AJITDADA PAWAR,Nationalist Congress Party,235514.092,Result Declared
Barasat,18.6926598,KAKOLI GHOSH DASTIDAR,All India Trinamool Congress,SWAPAN MAJUMDER,Bharatiya Janata Party,236038.1635,Result Declared
Bardhaman Purba,18.69408812,DR. SHARMILA SARKAR,All India Trinamool Congress,ASIM KUMAR SARKAR,Bharatiya Janata Party,236562.2349,Result Declared
Bardhaman-Durgapur,18.69551644,AZAD KIRTI JHA,All India Trinamool Congress,DILIP GHOSH,Bharatiya Janata Party,237086.3064,Result Declared
Bardoli,18.69694476,PARBHUBHAI NAGARBHAI VASAVA,Bharatiya Janata Party,CHAUDHARY SIDDHARTH AMARSINH,Indian National Congress,237610.3779,Result Declared
Bareilly,18.69837308,CHHATRA PAL SINGH GANGWAR,Bharatiya Janata Party,PRAVEEN SINGH ARON,Samajwadi Party,238134.4493,Result Declared
Bargarh,18.6998014,PRADEEP PUROHIT,Bharatiya Janata Party,PARINITA MISHRA,Biju Janata Dal,238658.5208,Result Declared
Barpeta,18.70122971,PHANI BHUSAN CHOUDHURY,Asom Gana Parishad,DEEP BAYAN,Indian National Congress,239182.5922,Result Declared
Barrackpur,18.70265803,PARTHA BHOWMICK,All India Trinamool Congress,ARJUN SINGH,Bharatiya Janata Party,239706.6637,Result Declared
Basirhat,18.70408635,SK NURUL ISLAM,All India Trinamool Congress,REKHA PATRA,Bharatiya Janata Party,240230.7351,Result Declared
Basti,18.70551467,RAM PRASAD CHAUDHARY,Samajwadi Party,HARISH CHANDRA ALIAS HARISH DWIVEDI,Bharatiya Janata Party,240754.8066,Result Declared
Bathinda,18.70694299,HARSIMRAT KAUR BADAL,Shiromani Akali Dal,GURMEET SINGH KHUDIAN,Aam Aadmi Party,241278.878,Result Declared
Beed,18.70837131,BAJRANG MANOHAR SONWANE,Nationalist Congress Party – Sharadchandra Pawar,PANKAJA GOPINATHRAO MUNDE,Bharatiya Janata Party,241802.9495,Result Declared
Begusarai,18.70979963,GIRIRAJ SINGH,Bharatiya Janata Party,ABDHESH KUMAR ROY,Communist Party of India,242327.0209,Result Declared
Belgaum,18.71122795,JAGADISH SHETTAR,Bharatiya Janata Party,MRINAL R HEBBALKAR,Indian National Congress,242851.0924,Result Declared
Bellary,18.71265626,E. TUKARAM,Indian National Congress,B. SREERAMULU,Bharatiya Janata Party,243375.1638,Result Declared
Berhampur,18.71408458,DR. PRADEEP KUMAR PANIGRAHY,Bharatiya Janata Party,BHRUGU BAXIPATRA,Biju Janata Dal,243899.2353,Result Declared
Bhadohi,18.7155129,DR. VINOD KUMAR BIND,Bharatiya Janata Party,LALITESHPATI TRIPATHI,All India Trinamool Congress,244423.3068,Result Declared
Bhadrak,18.71694122,AVIMANYU SETHI,Bharatiya Janata Party,MANJULATA MANDAL,Biju Janata Dal,244947.3782,Result Declared
Bhagalpur,18.71836954,AJAY KUMAR MANDAL,Janata Dal (United),AJEET SHARMA,Indian National Congress,245471.4497,Result Declared
Bhandara Gondiya,18.71979786,DR. PRASHANT YADAORAO PADOLE,Indian National Congress,SUNIL BABURAO MENDHE,Bharatiya Janata Party,245995.5211,Result Declared
Bharuch,18.72122618,MANSUKHBHAI DHANJIBHAI VASAVA,Bharatiya Janata Party,CHAITARBHAI DAMJIBHAI VASAVA,Aam Aadmi Party,246519.5926,Result Declared
Bhavnagar,18.7226545,NIMUBEN JAYANTIBHAI BAMBHANIYA (NIMUBEN BAMBHANIYA),Bharatiya Janata Party,UMESHBHAI NARANBHAI MAKWANA,Aam Aadmi Party,247043.664,Result Declared
Bhiwandi,18.72408282,BALYA MAMA - SURESH GOPINATH MHATRE,Nationalist Congress Party – Sharadchandra Pawar,KAPIL MORESHWAR PATIL,Bharatiya Janata Party,247567.7355,Result Declared
Bhongir,18.72551113,CHAMALA KIRAN KUMAR REDDY,Indian National Congress,DR. BOORA NARSAIAH GOUD,Bharatiya Janata Party,248091.8069,Result Declared
Bhubaneswar,18.72693945,APARAJITA SARANGI,Bharatiya Janata Party,MANMATH KUMAR ROUTRAY,Biju Janata Dal,248615.8784,Result Declared
Bidar,18.72836777,SAGAR ESHWAR KHANDRE,Indian National Congress,BHAGWANTH KHUBA,Bharatiya Janata Party,249139.9498,Result Declared
Bijapur,18.72979609,RAMESH JIGAJINAGI,Bharatiya Janata Party,RAJU ALAGUR.,Indian National Congress,249664.0213,Result Declared
Bijnor,18.73122441,CHANDAN CHAUHAN,Rashtriya Lok Dal,DEEPAK,Samajwadi Party,250188.0928,Result Declared
Birbhum,18.73265273,SATABDI ROY,All India Trinamool Congress,DEBTANU BHATTACHARYA,Bharatiya Janata Party,250712.1642,Result Declared
Bishnupur,18.73408105,KHAN SAUMITRA,Bharatiya Janata Party,SUJATA MONDAL,All India Trinamool Congress,251236.2357,Result Declared
Bolangir,18.73550937,SANGEETA KUMARI SINGH DEO,Bharatiya Janata Party,SURENDRA SINGH BHOI,Biju Janata Dal,251760.3071,Result Declared
Bolpur,18.73693768,ASIT KUMAR MAL,All India Trinamool Congress,PIYA SAHA,Bharatiya Janata Party,252284.3786,Result Declared
Bulandshahr,18.738366,DR BHOLA SINGH,Bharatiya Janata Party,SHIVRAM,Indian National Congress,252808.45,Result Declared
Buldhana,18.73979432,JADHAV PRATAPRAO GANPATRAO,Shiv Sena,NARENDRA DAGDU KHEDEKAR,Shiv Sena (Uddhav Balasaheb Thackrey),253332.5215,Result Declared
Buxar,18.74122264,SUDHAKAR SINGH,Rashtriya Janata Dal,MITHILESH TIWARI,Bharatiya Janata Party,253856.5929,Result Declared
CHENNAI CENTRAL,18.74265096,DAYANIDHI MARAN,Dravida Munnetra Kazhagam,VINOJ,Bharatiya Janata Party,254380.6644,Result Declared
CHENNAI NORTH,18.74407928,DR.KALANIDHI VEERASWAMY,Dravida Munnetra Kazhagam,R. MANOHAR,All India Anna Dravida Munnetra Kazhagam,254904.7358,Result Declared
CHENNAI SOUTH,18.7455076,T.SUMATHY (ALIAS) THAMIZHACHI THANGAPANDIAN,Dravida Munnetra Kazhagam,DR.TAMILISAI SOUNDARARAJAN,Bharatiya Janata Party,255428.8073,Result Declared
CHHINDWARA,18.74693592,BUNTY VIVEK SAHU,Bharatiya Janata Party,NAKUL KAMALNATH,Indian National Congress,255952.8787,Result Declared
CHIDAMBARAM,18.74836423,THIRUMAAVALAVAN THOL,Viduthalai Chiruthaigal Katch,CHANDRAHASAN M,All India Anna Dravida Munnetra Kazhagam,256476.9502,Result Declared
CHITTORGARH,18.74979255,CHANDRA PRAKASH JOSHI,Bharatiya Janata Party,ANJANA UDAILAL,Indian National Congress,257001.0217,Result Declared
CHURU,18.75122087,RAHUL KASWAN,Indian National Congress,DEVENDRA JHAJHARIA,Bharatiya Janata Party,257525.0931,Result Declared
COIMBATORE,18.75264919,GANAPATHY RAJKUMAR P,Dravida Munnetra Kazhagam,ANNAMALAI K,Bharatiya Janata Party,258049.1646,Result Declared
CUDDALORE,18.75407751,M.K. VISHNUPRASAD,Indian National Congress,P. SIVAKOZHUNDU,Desiya Murpokku Dravida Kazhagam,258573.236,Result Declared
Chalakudy,18.75550583,BENNY BEHANAN,Indian National Congress,PROF C RAVEENDRANATH,Communist Party of India (Marxist),259097.3075,Result Declared
Chamarajanagar,18.75693415,SUNIL BOSE,Indian National Congress,BALARAJ.S,Bharatiya Janata Party,259621.3789,Result Declared
Chandauli,18.75836247,BIRENDRA SINGH,Samajwadi Party,DR. MAHENDRA NATH PANDEY,Bharatiya Janata Party,260145.4504,Result Declared
Chandigarh,18.75979079,MANISH TEWARI,Indian National Congress,SANJAY TANDON,Bharatiya Janata Party,260669.5218,Result Declared
Chandni Chowk,18.7612191,PRAVEEN KHANDELWAL,Bharatiya Janata Party,JAI PRAKASH AGARWAL,Indian National Congress,261193.5933,Result Declared
Chandrapur,18.76264742,DHANORKAR PRATIBHA SURESH ALIAS BALUBHAU,Indian National Congress,MUNGANTIWAR SUDHIR SACCHIDANAND,Bharatiya Janata Party,261717.6647,Result Declared
Chatra,18.76407574,KALI CHARAN SINGH,Bharatiya Janata Party,KRISHNA NAND TRIPATHI,Indian National Congress,262241.7362,Result Declared
Chevella,18.76550406,KONDA VISHWESHWAR REDDY,Bharatiya Janata Party,DR GADDAM RANJITH REDDY,Indian National Congress,262765.8076,Result Declared
Chhota Udaipur,18.76693238,JASHUBHAI BHILUBHAI RATHVA,Bharatiya Janata Party,SUKHRAMBHAI HARIYABHAI RATHWA,Indian National Congress,263289.8791,Result Declared
Chikkballapur,18.7683607,DR.K.SUDHAKAR,Bharatiya Janata Party,M.S. RAKSHA RAMAIAH,Indian National Congress,263813.9506,Result Declared
Chikkodi,18.76978902,PRIYANKA SATISH JARKIHOLI,Indian National Congress,ANNASAHEB SHANKAR JOLLE,Bharatiya Janata Party,264338.022,Result Declared
Chitradurga,18.77121734,GOVIND MAKTHAPPA KARJOL,Bharatiya Janata Party,B.N.CHANDRAPPA,Indian National Congress,264862.0935,Result Declared
Chittoor(SC),18.77264565,DAGGUMALLA PRASADA RAO,Telugu Desam,REDDEPPA.N .,Yuvajana Sramika Rythu Congress Party,265386.1649,Result Declared
Coochbehar,18.77407397,JAGADISH CHANDRA BARMA BASUNIA,All India Trinamool Congress,NISITH PRAMANIK,Bharatiya Janata Party,265910.2364,Result Declared
Cuttack,18.77550229,BHARTRUHARI MAHTAB,Bharatiya Janata Party,SANTRUPT MISRA,Biju Janata Dal,266434.3078,Result Declared
DAMOH,18.77693061,RAHUL SINGH LODHI,Bharatiya Janata Party,TARBAR SINGH LODHI (BANTU BHAIYA),Indian National Congress,266958.3793,Result Declared
DAUSA,18.77835893,MURARI LAL MEENA,Indian National Congress,KANHAIYA LAL MEENA,Bharatiya Janata Party,267482.4507,Result Declared
DEWAS,18.77978725,MAHENDRA SINGH SOLANKY,Bharatiya Janata Party,RAJENDRA RADHAKISHAN MALVIYA,Indian National Congress,268006.5222,Result Declared
DHAR,18.78121557,SAVITRI THAKUR,Bharatiya Janata Party,RADHESHYAM MUVEL,Indian National Congress,268530.5936,Result Declared
DHARMAPURI,18.78264389,MANI. A.,Dravida Munnetra Kazhagam,SOWMIYA ANBUMANI,Pattali Makkal Katch,269054.6651,Result Declared
DINDIGUL,18.7840722,SACHITHANANTHAM R,Communist Party of India (Marxist),MOHAMED MUBARAK M A,All India Anna Dravida Munnetra Kazhagam,269578.7366,Result Declared
DURG,18.78550052,VIJAY BAGHEL,Bharatiya Janata Party,RAJENDRA SAHU,Indian National Congress,270102.808,Result Declared
Dadar & Nagar Haveli,18.78692884,DELKAR KALABEN MOHANBHAI,Bharatiya Janata Party,AJIT RAMJIBHAI MAHALA,Indian National Congress,270626.8795,Result Declared
Dahod,18.78835716,JASWANTSINH SUMANBHAI BHABHOR,Bharatiya Janata Party,DR. PRABHABEN KISHORSINH TAVIYAD,Indian National Congress,271150.9509,Result Declared
Dakshina Kannada,18.78978548,CAPTAIN BRIJESH CHOWTA,Bharatiya Janata Party,PADMARAJ.R.POOJARY,Indian National Congress,271675.0224,Result Declared
Daman & Diu,18.7912138,PATEL UMESHBHAI BABUBHAI,Independent,LALUBHAI BABUBHAI PATEL,Bharatiya Janata Party,272199.0938,Result Declared
Darbhanga,18.79264212,GOPAL JEE THAKUR,Bharatiya Janata Party,LALIT KUMAR YADAV,Rashtriya Janata Dal,272723.1653,Result Declared
Darjeeling,18.79407044,RAJU BISTA,Bharatiya Janata Party,GOPAL LAMA,All India Trinamool Congress,273247.2367,Result Declared
Darrang-Udalguri,18.79549876,DILIP SAIKIA,Bharatiya Janata Party,MADHAB RAJBANGSHI,Indian National Congress,273771.3082,Result Declared
Davanagere,18.79692707,DR. PRABHA MALLIKARJUN,Indian National Congress,GAYITHRI SIDDESHWARA,Bharatiya Janata Party,274295.3796,Result Declared
Deoria,18.79835539,SHASHANK MANI,Bharatiya Janata Party,AKHILESH PRATAP SINGH,Indian National Congress,274819.4511,Result Declared
Dhanbad,18.79978371,DULU MAHATO,Bharatiya Janata Party,ANUPAMA SINGH,Indian National Congress,275343.5225,Result Declared
Dharwad,18.80121203,PRALHAD JOSHI,Bharatiya Janata Party,VINOD ASOOTI,Indian National Congress,275867.594,Result Declared
Dhaurahra,18.80264035,ANAND BHADAURIYA,Samajwadi Party,REKHA VERMA,Bharatiya Janata Party,276391.6655,Result Declared
Dhenkanal,18.80406867,RUDRA NARAYAN PANY,Bharatiya Janata Party,ABINASH SAMAL,Biju Janata Dal,276915.7369,Result Declared
Dhubri,18.80549699,RAKIBUL HUSSAIN,Indian National Congress,MOHAMMED BADRUDDIN AJMAL,All India United Democratic Front,277439.8084,Result Declared
Dhule,18.80692531,BACHHAV SHOBHA DINESH,Indian National Congress,BHAMRE SUBHASH RAMRAO,Bharatiya Janata Party,277963.8798,Result Declared
Diamond harbour,18.80835362,ABHISHEK BANERJEE,All India Trinamool Congress,ABHIJIT DAS (BOBBY),Bharatiya Janata Party,278487.9513,Result Declared
Dibrugarh,18.80978194,SARBANANDA SONOWAL,Bharatiya Janata Party,LURINJYOTI GOGOI,Assam Jatiya Parishad,279012.0227,Result Declared
Dindori,18.81121026,BHASKAR MURLIDHAR BHAGARE,Nationalist Congress Party – Sharadchandra Pawar,DR. BHARATI PRAVIN PAWAR,Bharatiya Janata Party,279536.0942,Result Declared
Diphu,18.81263858,AMARSING TISSO,Bharatiya Janata Party,J. I. KATHAR,Independent,280060.1656,Result Declared
Domariyaganj,18.8140669,JAGDAMBIKA PAL,Bharatiya Janata Party,BHISHMA SHANKAR ALIAS KUSHAL TIWARI,Samajwadi Party,280584.2371,Result Declared
Constituency,Const. No.,Leading Candidate,Leading Party,Trailing Candidate,Trailing Party,Margin,Status
AJMER,18.81549522,BHAGIRATH CHOUDHARY,Bharatiya Janata Party,RAMCHANDRA CHOUDHARY,Indian National Congress,281108.3085,Result Declared
ALWAR,18.81692354,BHUPENDER YADAV,Bharatiya Janata Party,LALIT YADAV,Indian National Congress,281632.38,Result Declared
AMBALA,18.81835186,VARUN CHAUDHRY,Indian National Congress,BANTO KATARIA,Bharatiya Janata Party,282156.4514,Result Declared
ANANTNAG-RAJOURI,18.81978017,MIAN ALTAF AHMAD,Jammu & Kashmir National Conference,MEHBOOBA MUFTI,Jammu & Kashmir Peoples Democratic Party,282680.5229,Result Declared
ARAKKONAM,18.82120849,S JAGATHRATCHAKAN,Dravida Munnetra Kazhagam,L VIJAYAN,All India Anna Dravida Munnetra Kazhagam,283204.5944,Result Declared
ARANI,18.82263681,THARANIVENTHAN M S,Dravida Munnetra Kazhagam,"GAJENDRAN, G.V.",All India Anna Dravida Munnetra Kazhagam,283728.6658,Result Declared
Adilabad,18.82406513,GODAM NAGESH,Bharatiya Janata Party,ATHRAM SUGUNA,Indian National Congress,284252.7373,Result Declared
Agra,18.82549345,PROF S P SINGH BAGHEL,Bharatiya Janata Party,SURESH CHAND KARDAM,Samajwadi Party,284776.8087,Result Declared
Ahmedabad East,18.82692177,HASMUKHBHAI PATEL (H.S.PATEL),Bharatiya Janata Party,HIMMATSINH PRAHLADSINH PATEL,Indian National Congress,285300.8802,Result Declared
Ahmedabad West,18.82835009,DINESHBHAI MAKWANA (ADVOCATE),Bharatiya Janata Party,BHARAT YOGENDRA MAKWANA,Indian National Congress,285824.9516,Result Declared
Ahmednagar,18.82977841,NILESH DNYANDEV LANKE,Nationalist Congress Party – Sharadchandra Pawar,DR. SUJAY RADHAKRISHNA VIKHEPATIL,Bharatiya Janata Party,286349.0231,Result Declared
Akbarpur,18.83120673,DEVENDRA SINGH ALIAS BHOLE SINGH,Bharatiya Janata Party,RAJARAM PAL,Samajwadi Party,286873.0945,Result Declared
Akola,18.83263504,ANUP SANJAY DHOTRE,Bharatiya Janata Party,ABHAY KASHINATH PATIL,Indian National Congress,287397.166,Result Declared
Alappuzha,18.83406336,K. C VENUGOPAL,Indian National Congress,A. M ARIFF,Communist Party of India (Marxist),287921.2374,Result Declared
Alathur,18.83549168,K.RADHAKRISHNAN,Communist Party of India (Marxist),RAMYA HARIDAS,Indian National Congress,288445.3089,Result Declared
Aligarh,18.83692,SATISH KUMAR GAUTAM,Bharatiya Janata Party,BIJENDRA SINGH,Samajwadi Party,288969.3804,Result Declared
Alipurduars,18.83834832,MANOJ TIGGA,Bharatiya Janata Party,PRAKASH CHIK BARAIK,All India Trinamool Congress,289493.4518,Result Declared
Allahabad,18.83977664,UJJWAL RAMAN SINGH,Indian National Congress,NEERAJ TRIPATHI,Bharatiya Janata Party,290017.5233,Result Declared
Almora,18.84120496,AJAY TAMTA,Bharatiya Janata Party,PRADEEP TAMTA,Indian National Congress,290541.5947,Result Declared
Amalapuram (SC),18.84263328,G M HARISH (BALAYOGI),Telugu Desam,RAPAKA VARAPRASADA RAO,Yuvajana Sramika Rythu Congress Party,291065.6662,Result Declared
Ambedkar Nagar,18.84406159,LALJI VERMA,Samajwadi Party,RITESH PANDEY,Bharatiya Janata Party,291589.7376,Result Declared
Amethi,18.84548991,KISHORI LAL,Indian National Congress,SMRITI IRANI,Bharatiya Janata Party,292113.8091,Result Declared
Amravati,18.84691823,BALWANT BASWANT WANKHADE,Indian National Congress,NAVNEET RAVI RANA,Bharatiya Janata Party,292637.8805,Result Declared
Amreli,18.84834655,BHARATBHAI MANUBHAI SUTARIYA,Bharatiya Janata Party,JENNY THUMMAR,Indian National Congress,293161.952,Result Declared
Amritsar,18.84977487,GURJEET SINGH AUJLA,Indian National Congress,KULDEEP SINGH DHALIWAL,Aam Aadmi Party,293686.0234,Result Declared
Amroha,18.85120319,KANWAR SINGH TANWAR,Bharatiya Janata Party,KUNWAR DANISH ALI,Indian National Congress,294210.0949,Result Declared
Anakapalle,18.85263151,C.M.RAMESH,Bharatiya Janata Party,BUDI MUTYALA NAIDU,Yuvajana Sramika Rythu Congress Party,294734.1663,Result Declared
Anand,18.85405983,MITESH PATEL (BAKABHAI),Bharatiya Janata Party,AMIT CHAVDA,Indian National Congress,295258.2378,Result Declared
Anandpur Sahib,18.85548814,MALVINDER SINGH KANG,Aam Aadmi Party,VIJAY INDER SINGLA,Indian National Congress,295782.3093,Result Declared
Ananthapur,18.85691646,AMBICA G LAKSHMINARAYANA VALMIKI,Telugu Desam,MALAGUNDLA SANKAR NARAYANA,Yuvajana Sramika Rythu Congress Party,296306.3807,Result Declared
Andaman & Nicobar Islands,18.85834478,BISHNU PADA RAY,Bharatiya Janata Party,KULDEEP RAI SHARMA,Indian National Congress,296830.4522,Result Declared
Aonla,18.8597731,NEERAJ MAURYA,Samajwadi Party,DHARMENDRA KASHYAP,Bharatiya Janata Party,297354.5236,Result Declared
Araku (ST),18.86120142,GUMMA THANUJA RANI,Yuvajana Sramika Rythu Congress Party,KOTHAPALLI GEETHA,Bharatiya Janata Party,297878.5951,Result Declared
Arambagh,18.86262974,BAG MITALI,All India Trinamool Congress,ARUP KANTI DIGAR,Bharatiya Janata Party,298402.6665,Result Declared
Araria,18.86405806,PRADEEP KUMAR SINGH,Bharatiya Janata Party,SHAHNAWAZ,Rashtriya Janata Dal,298926.738,Result Declared
Arrah,18.86548638,SUDAMA PRASAD,Communist Party of India (Marxist-Leninist) (Liberation),R. K. SINGH,Bharatiya Janata Party,299450.8094,Result Declared
Arunachal East,18.8669147,TAPIR GAO,Bharatiya Janata Party,BOSIRAM SIRAM,Indian National Congress,299974.8809,Result Declared
Arunachal West,18.86834301,KIREN RIJIJU,Bharatiya Janata Party,NABAM TUKI,Indian National Congress,300498.9523,Result Declared
Asansol,18.86977133,SHATRUGHAN PRASAD SINHA,All India Trinamool Congress,SURENDRAJEET SINGH AHLUWALIA,Bharatiya Janata Party,301023.0238,Result Declared
Aska,18.87119965,ANITA SUBHADARSHINI,Bharatiya Janata Party,RANJITA SAHU,Biju Janata Dal,301547.0952,Result Declared
Attingal,18.87262797,ADV ADOOR PRAKASH,Indian National Congress,V JOY,Communist Party of India (Marxist),302071.1667,Result Declared
Aurangabad,18.87405629,BHUMARE SANDIPANRAO ASARAM,Shiv Sena,IMTIAZ JALEEL SYED,All India Majlis-E-Ittehadul Muslimeen,302595.2382,Result Declared
Aurangabad,18.87548461,ABHAY KUMAR SINHA,Rashtriya Janata Dal,SUSHIL KUMAR SINGH,Bharatiya Janata Party,303119.3096,Result Declared
Azamgarh,18.87691293,DHARMENDRA YADAV,Samajwadi Party,DINESH LAL YADAV “NIRAHUA”,Bharatiya Janata Party,303643.3811,Result Declared
BALAGHAT,18.87834125,BHARTI PARDHI,Bharatiya Janata Party,SAMRAT ASHOK SINGH SARASWAR,Indian National Congress,304167.4525,Result Declared
BANSWARA,18.87976956,RAJ KUMAR ROAT,Bharat Adivasi Party,MAHENDRAJEETSINGH MALVIYA,Bharatiya Janata Party,304691.524,Result Declared
BARAMULLA,18.88119788,ABDUL RASHID SHEIKH,Independent,OMAR ABDULLAH,Jammu & Kashmir National Conference,305215.5954,Result Declared
BARMER,18.8826262,UMMEDA RAM BENIWAL,Indian National Congress,RAVINDRA SINGH BHATI,Independent,305739.6669,Result Declared
BASTAR,18.88405452,MAHESH KASHYAP,Bharatiya Janata Party,KAWASI LAKHMA,Indian National Congress,306263.7383,Result Declared
BETUL,18.88548284,DURGADAS (D. D.) UIKEY,Bharatiya Janata Party,RAMU TEKAM,Indian National Congress,306787.8098,Result Declared
BHARATPUR,18.88691116,SANJNA JATAV,Indian National Congress,RAMSWAROOP KOLI,Bharatiya Janata Party,307311.8812,Result Declared
BHILWARA,18.88833948,DAMODAR AGARWAL,Bharatiya Janata Party,C P JOSHI,Indian National Congress,307835.9527,Result Declared
BHIND,18.8897678,SANDHYA RAY,Bharatiya Janata Party,PHOOL SINGH BARAIYA,Indian National Congress,308360.0241,Result Declared
BHIWANI-MAHENDRAGARH,18.89119611,DHARAMBIR SINGH,Bharatiya Janata Party,RAO DAN SINGH,Indian National Congress,308884.0956,Result Declared
BHOPAL,18.89262443,ALOK SHARMA,Bharatiya Janata Party,ADVOCATE ARUN SHRIVASTAVA,Indian National Congress,309408.1671,Result Declared
BIKANER,18.89405275,ARJUN RAM MEGHWAL,Bharatiya Janata Party,GOVINDRAM MEGHWAL,Indian National Congress,309932.2385,Result Declared
BILASPUR,18.89548107,TOKHAN SAHU,Bharatiya Janata Party,DEVENDRA YADAV,Indian National Congress,310456.31,Result Declared
Badaun,18.89690939,ADITYA YADAV,Samajwadi Party,DURVIJAY SINGH SHAKYA,Bharatiya Janata Party,310980.3814,Result Declared
Bagalkot,18.89833771,GADDIGOUDAR. PARVATAGOUDA. CHANDANAGOUDA.,Bharatiya Janata Party,SAMYUKTA SHIVANAND PATIL,Indian National Congress,311504.4529,Result Declared
Baghpat,18.89976603,DR RAJKUMAR SANGWAN,Rashtriya Lok Dal,AMARPAL,Samajwadi Party,312028.5243,Result Declared
Baharaich,18.90119435,ANAND KUMAR,Bharatiya Janata Party,RAMESH CHANDRA,Samajwadi Party,312552.5958,Result Declared
Baharampur,18.90262267,PATHAN YUSUF,All India Trinamool Congress,ADHIR RANJAN CHOWDHURY,Indian National Congress,313076.6672,Result Declared
Balasore,18.90405098,PRATAP CHANDRA SARANGI,Bharatiya Janata Party,LEKHASRI SAMANTSINGHAR,Biju Janata Dal,313600.7387,Result Declared
Ballia,18.9054793,SANATAN PANDEY,Samajwadi Party,NEERAJ SHEKHAR,Bharatiya Janata Party,314124.8101,Result Declared
Balurghat,18.90690762,SUKANTA MAJUMDAR,Bharatiya Janata Party,BIPLAB MITRA,All India Trinamool Congress,314648.8816,Result Declared
Banaskantha,18.90833594,GENIBEN NAGAJI THAKOR,Indian National Congress,DR. REKHABEN HITESHBHAI CHAUDHARI,Bharatiya Janata Party,315172.9531,Result Declared
Banda,18.90976426,KRISHNA DEVI SHIVSHANKER PATEL,Samajwadi Party,R. K. SINGH PATEL,Bharatiya Janata Party,315697.0245,Result Declared
Bangalore North,18.91119258,SHOBHA KARANDLAJE,Bharatiya Janata Party,PROFESSOR M.V RAJEEV GOWDA,Indian National Congress,316221.096,Result Declared
Bangalore Rural,18.9126209,DR C N MANJUNATH,Bharatiya Janata Party,D K SURESH,Indian National Congress,316745.1674,Result Declared
Bangalore South,18.91404922,TEJASVI SURYA,Bharatiya Janata Party,SOWMYA REDDY,Indian National Congress,317269.2389,Result Declared
Bangalore central,18.91547753,P C MOHAN,Bharatiya Janata Party,MANSOOR ALI KHAN,Indian National Congress,317793.3103,Result Declared
Bangaon,18.91690585,SHANTANU THAKUR,Bharatiya Janata Party,BISWAJIT DAS S/O LATE BIJAY KRISHNA DAS,All India Trinamool Congress,318317.3818,Result Declared
Banka,18.91833417,GIRIDHARI YADAV,Janata Dal (United),JAI PRAKASH NARAYAN YADAV,Rashtriya Janata Dal,318841.4532,Result Declared
Bankura,18.91976249,ARUP CHAKRABORTY,All India Trinamool Congress,DR. SUBHAS SARKAR,Bharatiya Janata Party,319365.5247,Result Declared
Bansgaon,18.92119081,KAMLESH PASWAN,Bharatiya Janata Party,SADAL PRASAD,Indian National Congress,319889.5961,Result Declared
Bapatla (SC),18.92261913,KRISHNA PRASAD TENNETI,Telugu Desam,NANDIGAM SURESH BABU,Yuvajana Sramika Rythu Congress Party,320413.6676,Result Declared
Barabanki,18.92404745,TANUJ PUNIA,Indian National Congress,RAJRANI RAWAT,Bharatiya Janata Party,320937.739,Result Declared
Baramati,18.92547577,SUPRIYA SULE,Nationalist Congress Party – Sharadchandra Pawar,SUNETRA AJITDADA PAWAR,Nationalist Congress Party,321461.8105,Result Declared
Barasat,18.92690408,KAKOLI GHOSH DASTIDAR,All India Trinamool Congress,SWAPAN MAJUMDER,Bharatiya Janata Party,321985.882,Result Declared
Bardhaman Purba,18.9283324,DR. SHARMILA SARKAR,All India Trinamool Congress,ASIM KUMAR SARKAR,Bharatiya Janata Party,322509.9534,Result Declared
Bardhaman-Durgapur,18.92976072,AZAD KIRTI JHA,All India Trinamool Congress,DILIP GHOSH,Bharatiya Janata Party,323034.0249,Result Declared
Bardoli,18.93118904,PARBHUBHAI NAGARBHAI VASAVA,Bharatiya Janata Party,CHAUDHARY SIDDHARTH AMARSINH,Indian National Congress,323558.0963,Result Declared
Bareilly,18.93261736,CHHATRA PAL SINGH GANGWAR,Bharatiya Janata Party,PRAVEEN SINGH ARON,Samajwadi Party,324082.1678,Result Declared
Bargarh,18.93404568,PRADEEP PUROHIT,Bharatiya Janata Party,PARINITA MISHRA,Biju Janata Dal,324606.2392,Result Declared
Barpeta,18.935474,PHANI BHUSAN CHOUDHURY,Asom Gana Parishad,DEEP BAYAN,Indian National Congress,325130.3107,Result Declared
Barrackpur,18.93690232,PARTHA BHOWMICK,All India Trinamool Congress,ARJUN SINGH,Bharatiya Janata Party,325654.3821,Result Declared
Basirhat,18.93833064,SK NURUL ISLAM,All India Trinamool Congress,REKHA PATRA,Bharatiya Janata Party,326178.4536,Result Declared
Basti,18.93975895,RAM PRASAD CHAUDHARY,Samajwadi Party,HARISH CHANDRA ALIAS HARISH DWIVEDI,Bharatiya Janata Party,326702.525,Result Declared
Bathinda,18.94118727,HARSIMRAT KAUR BADAL,Shiromani Akali Dal,GURMEET SINGH KHUDIAN,Aam Aadmi Party,327226.5965,Result Declared
Beed,18.94261559,BAJRANG MANOHAR SONWANE,Nationalist Congress Party – Sharadchandra Pawar,PANKAJA GOPINATHRAO MUNDE,Bharatiya Janata Party,327750.6679,Result Declared
Begusarai,18.94404391,GIRIRAJ SINGH,Bharatiya Janata Party,ABDHESH KUMAR ROY,Communist Party of India,328274.7394,Result Declared
Belgaum,18.94547223,JAGADISH SHETTAR,Bharatiya Janata Party,MRINAL R HEBBALKAR,Indian National Congress,328798.8109,Result Declared
Bellary,18.94690055,E. TUKARAM,Indian National Congress,B. SREERAMULU,Bharatiya Janata Party,329322.8823,Result Declared
Berhampur,18.94832887,DR. PRADEEP KUMAR PANIGRAHY,Bharatiya Janata Party,BHRUGU BAXIPATRA,Biju Janata Dal,329846.9538,Result Declared
Bhadohi,18.94975719,DR. VINOD KUMAR BIND,Bharatiya Janata Party,LALITESHPATI TRIPATHI,All India Trinamool Congress,330371.0252,Result Declared
Bhadrak,18.9511855,AVIMANYU SETHI,Bharatiya Janata Party,MANJULATA MANDAL,Biju Janata Dal,330895.0967,Result Declared
Bhagalpur,18.95261382,AJAY KUMAR MANDAL,Janata Dal (United),AJEET SHARMA,Indian National Congress,331419.1681,Result Declared
Bhandara Gondiya,18.95404214,DR. PRASHANT YADAORAO PADOLE,Indian National Congress,SUNIL BABURAO MENDHE,Bharatiya Janata Party,331943.2396,Result Declared
Bharuch,18.95547046,MANSUKHBHAI DHANJIBHAI VASAVA,Bharatiya Janata Party,CHAITARBHAI DAMJIBHAI VASAVA,Aam Aadmi Party,332467.311,Result Declared
Bhavnagar,18.95689878,NIMUBEN JAYANTIBHAI BAMBHANIYA (NIMUBEN BAMBHANIYA),Bharatiya Janata Party,UMESHBHAI NARANBHAI MAKWANA,Aam Aadmi Party,332991.3825,Result Declared
Bhiwandi,18.9583271,BALYA MAMA - SURESH GOPINATH MHATRE,Nationalist Congress Party – Sharadchandra Pawar,KAPIL MORESHWAR PATIL,Bharatiya Janata Party,333515.4539,Result Declared
Bhongir,18.95975542,CHAMALA KIRAN KUMAR REDDY,Indian National Congress,DR. BOORA NARSAIAH GOUD,Bharatiya Janata Party,334039.5254,Result Declared
Bhubaneswar,18.96118374,APARAJITA SARANGI,Bharatiya Janata Party,MANMATH KUMAR ROUTRAY,Biju Janata Dal,334563.5969,Result Declared
Bidar,18.96261206,SAGAR ESHWAR KHANDRE,Indian National Congress,BHAGWANTH KHUBA,Bharatiya Janata Party,335087.6683,Result Declared
Bijapur,18.96404037,RAMESH JIGAJINAGI,Bharatiya Janata Party,RAJU ALAGUR.,Indian National Congress,335611.7398,Result Declared
Bijnor,18.96546869,CHANDAN CHAUHAN,Rashtriya Lok Dal,DEEPAK,Samajwadi Party,336135.8112,Result Declared
Birbhum,18.96689701,SATABDI ROY,All India Trinamool Congress,DEBTANU BHATTACHARYA,Bharatiya Janata Party,336659.8827,Result Declared
Bishnupur,18.96832533,KHAN SAUMITRA,Bharatiya Janata Party,SUJATA MONDAL,All India Trinamool Congress,337183.9541,Result Declared
Bolangir,18.96975365,SANGEETA KUMARI SINGH DEO,Bharatiya Janata Party,SURENDRA SINGH BHOI,Biju Janata Dal,337708.0256,Result Declared
Bolpur,18.97118197,ASIT KUMAR MAL,All India Trinamool Congress,PIYA SAHA,Bharatiya Janata Party,338232.097,Result Declared
Bulandshahr,18.97261029,DR BHOLA SINGH,Bharatiya Janata Party,SHIVRAM,Indian National Congress,338756.1685,Result Declared
Buldhana,18.97403861,JADHAV PRATAPRAO GANPATRAO,Shiv Sena,NARENDRA DAGDU KHEDEKAR,Shiv Sena (Uddhav Balasaheb Thackrey),339280.2399,Result Declared
Buxar,18.97546692,SUDHAKAR SINGH,Rashtriya Janata Dal,MITHILESH TIWARI,Bharatiya Janata Party,339804.3114,Result Declared
CHENNAI CENTRAL,18.97689524,DAYANIDHI MARAN,Dravida Munnetra Kazhagam,VINOJ,Bharatiya Janata Party,340328.3828,Result Declared
CHENNAI NORTH,18.97832356,DR.KALANIDHI VEERASWAMY,Dravida Munnetra Kazhagam,R. MANOHAR,All India Anna Dravida Munnetra Kazhagam,340852.4543,Result Declared
CHENNAI SOUTH,18.97975188,T.SUMATHY (ALIAS) THAMIZHACHI THANGAPANDIAN,Dravida Munnetra Kazhagam,DR.TAMILISAI SOUNDARARAJAN,Bharatiya Janata Party,341376.5258,Result Declared
CHHINDWARA,18.9811802,BUNTY VIVEK SAHU,Bharatiya Janata Party,NAKUL KAMALNATH,Indian National Congress,341900.5972,Result Declared
CHIDAMBARAM,18.98260852,THIRUMAAVALAVAN THOL,Viduthalai Chiruthaigal Katch,CHANDRAHASAN M,All India Anna Dravida Munnetra Kazhagam,342424.6687,Result Declared
CHITTORGARH,18.98403684,CHANDRA PRAKASH JOSHI,Bharatiya Janata Party,ANJANA UDAILAL,Indian National Congress,342948.7401,Result Declared
CHURU,18.98546516,RAHUL KASWAN,Indian National Congress,DEVENDRA JHAJHARIA,Bharatiya Janata Party,343472.8116,Result Declared
COIMBATORE,18.98689347,GANAPATHY RAJKUMAR P,Dravida Munnetra Kazhagam,ANNAMALAI K,Bharatiya Janata Party,343996.883,Result Declared
CUDDALORE,18.98832179,M.K. VISHNUPRASAD,Indian National Congress,P. SIVAKOZHUNDU,Desiya Murpokku Dravida Kazhagam,344520.9545,Result Declared
Chalakudy,18.98975011,BENNY BEHANAN,Indian National Congress,PROF C RAVEENDRANATH,Communist Party of India (Marxist),345045.0259,Result Declared
Chamarajanagar,18.99117843,SUNIL BOSE,Indian National Congress,BALARAJ.S,Bharatiya Janata Party,345569.0974,Result Declared
Chandauli,18.99260675,BIRENDRA SINGH,Samajwadi Party,DR. MAHENDRA NATH PANDEY,Bharatiya Janata Party,346093.1688,Result Declared
Chandigarh,18.99403507,MANISH TEWARI,Indian National Congress,SANJAY TANDON,Bharatiya Janata Party,346617.2403,Result Declared
Chandni Chowk,18.99546339,PRAVEEN KHANDELWAL,Bharatiya Janata Party,JAI PRAKASH AGARWAL,Indian National Congress,347141.3117,Result Declared
Chandrapur,18.99689171,DHANORKAR PRATIBHA SURESH ALIAS BALUBHAU,Indian National Congress,MUNGANTIWAR SUDHIR SACCHIDANAND,Bharatiya Janata Party,347665.3832,Result Declared
Chatra,18.99832003,KALI CHARAN SINGH,Bharatiya Janata Party,KRISHNA NAND TRIPATHI,Indian National Congress,348189.4547,Result Declared
Chevella,18.99974834,KONDA VISHWESHWAR REDDY,Bharatiya Janata Party,DR GADDAM RANJITH REDDY,Indian National Congress,348713.5261,Result Declared
Chhota Udaipur,19.00117666,JASHUBHAI BHILUBHAI RATHVA,Bharatiya Janata Party,SUKHRAMBHAI HARIYABHAI RATHWA,Indian National Congress,349237.5976,Result Declared
Chikkballapur,19.00260498,DR.K.SUDHAKAR,Bharatiya Janata Party,M.S. RAKSHA RAMAIAH,Indian National Congress,349761.669,Result Declared
Chikkodi,19.0040333,PRIYANKA SATISH JARKIHOLI,Indian National Congress,ANNASAHEB SHANKAR JOLLE,Bharatiya Janata Party,350285.7405,Result Declared
Chitradurga,19.00546162,GOVIND MAKTHAPPA KARJOL,Bharatiya Janata Party,B.N.CHANDRAPPA,Indian National Congress,350809.8119,Result Declared
Chittoor(SC),19.00688994,DAGGUMALLA PRASADA RAO,Telugu Desam,REDDEPPA.N .,Yuvajana Sramika Rythu Congress Party,351333.8834,Result Declared
Coochbehar,19.00831826,JAGADISH CHANDRA BARMA BASUNIA,All India Trinamool Congress,NISITH PRAMANIK,Bharatiya Janata Party,351857.9548,Result Declared
Cuttack,19.00974658,BHARTRUHARI MAHTAB,Bharatiya Janata Party,SANTRUPT MISRA,Biju Janata Dal,352382.0263,Result Declared
DAMOH,19.01117489,RAHUL SINGH LODHI,Bharatiya Janata Party,TARBAR SINGH LODHI (BANTU BHAIYA),Indian National Congress,352906.0977,Result Declared
DAUSA,19.01260321,MURARI LAL MEENA,Indian National Congress,KANHAIYA LAL MEENA,Bharatiya Janata Party,353430.1692,Result Declared
DEWAS,19.01403153,MAHENDRA SINGH SOLANKY,Bharatiya Janata Party,RAJENDRA RADHAKISHAN MALVIYA,Indian National Congress,353954.2406,Result Declared
DHAR,19.01545985,SAVITRI THAKUR,Bharatiya Janata Party,RADHESHYAM MUVEL,Indian National Congress,354478.3121,Result Declared
DHARMAPURI,19.01688817,MANI. A.,Dravida Munnetra Kazhagam,SOWMIYA ANBUMANI,Pattali Makkal Katch,355002.3836,Result Declared
DINDIGUL,19.01831649,SACHITHANANTHAM R,Communist Party of India (Marxist),MOHAMED MUBARAK M A,All India Anna Dravida Munnetra Kazhagam,355526.455,Result Declared
DURG,19.01974481,VIJAY BAGHEL,Bharatiya Janata Party,RAJENDRA SAHU,Indian National Congress,356050.5265,Result Declared
Dadar & Nagar Haveli,19.02117313,DELKAR KALABEN MOHANBHAI,Bharatiya Janata Party,AJIT RAMJIBHAI MAHALA,Indian National Congress,356574.5979,Result Declared
Dahod,19.02260144,JASWANTSINH SUMANBHAI BHABHOR,Bharatiya Janata Party,DR. PRABHABEN KISHORSINH TAVIYAD,Indian National Congress,357098.6694,Result Declared
Dakshina Kannada,19.02402976,CAPTAIN BRIJESH CHOWTA,Bharatiya Janata Party,PADMARAJ.R.POOJARY,Indian National Congress,357622.7408,Result Declared
Daman & Diu,19.02545808,PATEL UMESHBHAI BABUBHAI,Independent,LALUBHAI BABUBHAI PATEL,Bharatiya Janata Party,358146.8123,Result Declared
Darbhanga,19.0268864,GOPAL JEE THAKUR,Bharatiya Janata Party,LALIT KUMAR YADAV,Rashtriya Janata Dal,358670.8837,Result Declared
Darjeeling,19.02831472,RAJU BISTA,Bharatiya Janata Party,GOPAL LAMA,All India Trinamool Congress,359194.9552,Result Declared
Darrang-Udalguri,19.02974304,DILIP SAIKIA,Bharatiya Janata Party,MADHAB RAJBANGSHI,Indian National Congress,359719.0266,Result Declared
Davanagere,19.03117136,DR. PRABHA MALLIKARJUN,Indian National Congress,GAYITHRI SIDDESHWARA,Bharatiya Janata Party,360243.0981,Result Declared
Deoria,19.03259968,SHASHANK MANI,Bharatiya Janata Party,AKHILESH PRATAP SINGH,Indian National Congress,360767.1696,Result Declared
Dhanbad,19.034028,DULU MAHATO,Bharatiya Janata Party,ANUPAMA SINGH,Indian National Congress,361291.241,Result Declared
Dharwad,19.03545631,PRALHAD JOSHI,Bharatiya Janata Party,VINOD ASOOTI,Indian National Congress,361815.3125,Result Declared
Dhaurahra,19.03688463,ANAND BHADAURIYA,Samajwadi Party,REKHA VERMA,Bharatiya Janata Party,362339.3839,Result Declared
Dhenkanal,19.03831295,RUDRA NARAYAN PANY,Bharatiya Janata Party,ABINASH SAMAL,Biju Janata Dal,362863.4554,Result Declared
Dhubri,19.03974127,RAKIBUL HUSSAIN,Indian National Congress,MOHAMMED BADRUDDIN AJMAL,All India United Democratic Front,363387.5268,Result Declared
Dhule,19.04116959,BACHHAV SHOBHA DINESH,Indian National Congress,BHAMRE SUBHASH RAMRAO,Bharatiya Janata Party,363911.5983,Result Declared
Diamond harbour,19.04259791,ABHISHEK BANERJEE,All India Trinamool Congress,ABHIJIT DAS (BOBBY),Bharatiya Janata Party,364435.6697,Result Declared
Dibrugarh,19.04402623,SARBANANDA SONOWAL,Bharatiya Janata Party,LURINJYOTI GOGOI,Assam Jatiya Parishad,364959.7412,Result Declared
Dindori,19.04545455,BHASKAR MURLIDHAR BHAGARE,Nationalist Congress Party – Sharadchandra Pawar,DR. BHARATI PRAVIN PAWAR,Bharatiya Janata Party,365483.8126,Result Declared
Diphu,19.04688286,AMARSING TISSO,Bharatiya Janata Party,J. I. KATHAR,Independent,366007.8841,Result Declared
Domariyaganj,19.04831118,JAGDAMBIKA PAL,Bharatiya Janata Party,BHISHMA SHANKAR ALIAS KUSHAL TIWARI,Samajwadi Party,366531.9555,Result Declared
Constituency,Const. No.,Leading Candidate,Leading Party,Trailing Candidate,Trailing Party,Margin,Status
AJMER,19.0497395,BHAGIRATH CHOUDHARY,Bharatiya Janata Party,RAMCHANDRA CHOUDHARY,Indian National Congress,367056.027,Result Declared
ALWAR,19.05116782,BHUPENDER YADAV,Bharatiya Janata Party,LALIT YADAV,Indian National Congress,367580.0985,Result Declared
AMBALA,19.05259614,VARUN CHAUDHRY,Indian National Congress,BANTO KATARIA,Bharatiya Janata Party,368104.1699,Result Declared
ANANTNAG-RAJOURI,19.05402446,MIAN ALTAF AHMAD,Jammu & Kashmir National Conference,MEHBOOBA MUFTI,Jammu & Kashmir Peoples Democratic Party,368628.2414,Result Declared
ARAKKONAM,19.05545278,S JAGATHRATCHAKAN,Dravida Munnetra Kazhagam,L VIJAYAN,All India Anna Dravida Munnetra Kazhagam,369152.3128,Result Declared
ARANI,19.0568811,THARANIVENTHAN M S,Dravida Munnetra Kazhagam,"GAJENDRAN, G.V.",All India Anna Dravida Munnetra Kazhagam,369676.3843,Result Declared
Adilabad,19.05830941,GODAM NAGESH,Bharatiya Janata Party,ATHRAM SUGUNA,Indian National Congress,370200.4557,Result Declared
Agra,19.05973773,PROF S P SINGH BAGHEL,Bharatiya Janata Party,SURESH CHAND KARDAM,Samajwadi Party,370724.5272,Result Declared
Ahmedabad East,19.06116605,HASMUKHBHAI PATEL (H.S.PATEL),Bharatiya Janata Party,HIMMATSINH PRAHLADSINH PATEL,Indian National Congress,371248.5986,Result Declared
Ahmedabad West,19.06259437,DINESHBHAI MAKWANA (ADVOCATE),Bharatiya Janata Party,BHARAT YOGENDRA MAKWANA,Indian National Congress,371772.6701,Result Declared
Ahmednagar,19.06402269,NILESH DNYANDEV LANKE,Nationalist Congress Party – Sharadchandra Pawar,DR. SUJAY RADHAKRISHNA VIKHEPATIL,Bharatiya Janata Party,372296.7415,Result Declared
Akbarpur,19.06545101,DEVENDRA SINGH ALIAS BHOLE SINGH,Bharatiya Janata Party,RAJARAM PAL,Samajwadi Party,372820.813,Result Declared
Akola,19.06687933,ANUP SANJAY DHOTRE,Bharatiya Janata Party,ABHAY KASHINATH PATIL,Indian National Congress,373344.8844,Result Declared
Alappuzha,19.06830765,K. C VENUGOPAL,Indian National Congress,A. M ARIFF,Communist Party of India (Marxist),373868.9559,Result Declared
Alathur,19.06973597,K.RADHAKRISHNAN,Communist Party of India (Marxist),RAMYA HARIDAS,Indian National Congress,374393.0274,Result Declared
Aligarh,19.07116428,SATISH KUMAR GAUTAM,Bharatiya Janata Party,BIJENDRA SINGH,Samajwadi Party,374917.0988,Result Declared
Alipurduars,19.0725926,MANOJ TIGGA,Bharatiya Janata Party,PRAKASH CHIK BARAIK,All India Trinamool Congress,375441.1703,Result Declared
Allahabad,19.07402092,UJJWAL RAMAN SINGH,Indian National Congress,NEERAJ TRIPATHI,Bharatiya Janata Party,375965.2417,Result Declared
Almora,19.07544924,AJAY TAMTA,Bharatiya Janata Party,PRADEEP TAMTA,Indian National Congress,376489.3132,Result Declared
Amalapuram (SC),19.07687756,G M HARISH (BALAYOGI),Telugu Desam,RAPAKA VARAPRASADA RAO,Yuvajana Sramika Rythu Congress Party,377013.3846,Result Declared
Ambedkar Nagar,19.07830588,LALJI VERMA,Samajwadi Party,RITESH PANDEY,Bharatiya Janata Party,377537.4561,Result Declared
Amethi,19.0797342,KISHORI LAL,Indian National Congress,SMRITI IRANI,Bharatiya Janata Party,378061.5275,Result Declared
Amravati,19.08116252,BALWANT BASWANT WANKHADE,Indian National Congress,NAVNEET RAVI RANA,Bharatiya Janata Party,378585.599,Result Declared
Amreli,19.08259083,BHARATBHAI MANUBHAI SUTARIYA,Bharatiya Janata Party,JENNY THUMMAR,Indian National Congress,379109.6704,Result Declared
Amritsar,19.08401915,GURJEET SINGH AUJLA,Indian National Congress,KULDEEP SINGH DHALIWAL,Aam Aadmi Party,379633.7419,Result Declared
Amroha,19.08544747,KANWAR SINGH TANWAR,Bharatiya Janata Party,KUNWAR DANISH ALI,Indian National Congress,380157.8134,Result Declared
Anakapalle,19.08687579,C.M.RAMESH,Bharatiya Janata Party,BUDI MUTYALA NAIDU,Yuvajana Sramika Rythu Congress Party,380681.8848,Result Declared
Anand,19.08830411,MITESH PATEL (BAKABHAI),Bharatiya Janata Party,AMIT CHAVDA,Indian National Congress,381205.9563,Result Declared
Anandpur Sahib,19.08973243,MALVINDER SINGH KANG,Aam Aadmi Party,VIJAY INDER SINGLA,Indian National Congress,381730.0277,Result Declared
Ananthapur,19.09116075,AMBICA G LAKSHMINARAYANA VALMIKI,Telugu Desam,MALAGUNDLA SANKAR NARAYANA,Yuvajana Sramika Rythu Congress Party,382254.0992,Result Declared
Andaman & Nicobar Islands,19.09258907,BISHNU PADA RAY,Bharatiya Janata Party,KULDEEP RAI SHARMA,Indian National Congress,382778.1706,Result Declared
Aonla,19.09401738,NEERAJ MAURYA,Samajwadi Party,DHARMENDRA KASHYAP,Bharatiya Janata Party,383302.2421,Result Declared
Araku (ST),19.0954457,GUMMA THANUJA RANI,Yuvajana Sramika Rythu Congress Party,KOTHAPALLI GEETHA,Bharatiya Janata Party,383826.3135,Result Declared
Arambagh,19.09687402,BAG MITALI,All India Trinamool Congress,ARUP KANTI DIGAR,Bharatiya Janata Party,384350.385,Result Declared
Araria,19.09830234,PRADEEP KUMAR SINGH,Bharatiya Janata Party,SHAHNAWAZ,Rashtriya Janata Dal,384874.4564,Result Declared
Arrah,19.09973066,SUDAMA PRASAD,Communist Party of India (Marxist-Leninist) (Liberation),R. K. SINGH,Bharatiya Janata Party,385398.5279,Result Declared
Arunachal East,19.10115898,TAPIR GAO,Bharatiya Janata Party,BOSIRAM SIRAM,Indian National Congress,385922.5993,Result Declared
Arunachal West,19.1025873,KIREN RIJIJU,Bharatiya Janata Party,NABAM TUKI,Indian National Congress,386446.6708,Result Declared
Asansol,19.10401562,SHATRUGHAN PRASAD SINHA,All India Trinamool Congress,SURENDRAJEET SINGH AHLUWALIA,Bharatiya Janata Party,386970.7423,Result Declared
Aska,19.10544394,ANITA SUBHADARSHINI,Bharatiya Janata Party,RANJITA SAHU,Biju Janata Dal,387494.8137,Result Declared
Attingal,19.10687225,ADV ADOOR PRAKASH,Indian National Congress,V JOY,Communist Party of India (Marxist),388018.8852,Result Declared
Aurangabad,19.10830057,BHUMARE SANDIPANRAO ASARAM,Shiv Sena,IMTIAZ JALEEL SYED,All India Majlis-E-Ittehadul Muslimeen,388542.9566,Result Declared
Aurangabad,19.10972889,ABHAY KUMAR SINHA,Rashtriya Janata Dal,SUSHIL KUMAR SINGH,Bharatiya Janata Party,389067.0281,Result Declared
Azamgarh,19.11115721,DHARMENDRA YADAV,Samajwadi Party,DINESH LAL YADAV “NIRAHUA”,Bharatiya Janata Party,389591.0995,Result Declared
BALAGHAT,19.11258553,BHARTI PARDHI,Bharatiya Janata Party,SAMRAT ASHOK SINGH SARASWAR,Indian National Congress,390115.171,Result Declared
BANSWARA,19.11401385,RAJ KUMAR ROAT,Bharat Adivasi Party,MAHENDRAJEETSINGH MALVIYA,Bharatiya Janata Party,390639.2424,Result Declared
BARAMULLA,19.11544217,ABDUL RASHID SHEIKH,Independent,OMAR ABDULLAH,Jammu & Kashmir National Conference,391163.3139,Result Declared
BARMER,19.11687049,UMMEDA RAM BENIWAL,Indian National Congress,RAVINDRA SINGH BHATI,Independent,391687.3853,Result Declared
